{
"image_map": {
        "custom_images/ankh_items.png": {
            "Data/Textures/items.png": [
                {
                    "from": [ 1408, 128, 1536, 256 ],
                    "to": [ 1408, 128, 1536, 256 ]
                }
            ]
        },
        "custom_images/ankh_journal_entry_items.png": {
            "Data/Textures/journal_entry_items.png": [
                {
                    "from": [ 800, 160, 960, 320 ],
                    "to": [ 800, 160, 960, 320 ]
                }
            ]
        },
        "custom_images/ankh_hud.png": {
            "Data/Textures/hud.png": [
                {
                    "from": [ 450, 0, 512, 62 ],  
                    "to":	[ 450, 0, 512, 62 ]  
                }
            ]
        },
		"custom_images/ankh_journal_stickers.png": {
			"Data/Textures/journal_stickers.png": [
				{
					"from": [ 240, 160, 320, 240 ],
					"to": [ 240, 160, 320, 240 ]
				}
			]
		}
    }
}